0,00034921335097781725; 0,5711660049992647
-0,0002389354506689978; 0,6618511983531833
0,02040141155712394; 0,6746801940891045
0,021173356859285397; 0,7900308778120864
0,021210116159388337; 0,8312380532274665
0,04194236141743857; 0,8220849875018379
0,04655565358035585; 0,8685855021320394
0,05561682105572707; 0,9011542420232319
0,0724709601529187; 0,9196441699750035
0,07827892956918098; 0,9303778856050581
0,08598000294074398; 0,9382811351271871
0,09333186296132917; 0,9297162182032055
0,12022129098661954; 0,9477650345537421
0,15591457138656079; 0,9599323628878106
0,15982943684752238; 0,9734965446257903
0,21325907954712542; 0,9931260108807528
0,250716806352007; 0,9832377591530657
0,27034627260696953; 0,9878694309660343
0,2788376709307454; 1,0067269519188353
0,2872004117041611; 1,0063593589178061
0,295213939126599; 0,989523599470666
0,3169570651374798; 0,9885678576679899
0,36713350977797377; 0,9863622996618144
0,40291868842817213; 0,9765475665343332
0,45009925011027785; 0,9909572121746801
0,4941552712836347; 1,0027569475077194
0,5488714894868401; 0,9646375533009852
0,5878731068960446; 0,9354506690192619
0,5950044111160123; 0,9296426996029996
0,6110682252609909; 0,9371783561240994
0,6374797823849433; 0,9195338920746949
0,6526246140273488; 0,8968901632112924
0,6685597706219673; 0,8852007057785619
0,6617409204528745; 0,866269666225555
0,7014042052639317; 0,8288119394206734
0,7327047493015731; 0,791721805616821
0,7623327451845315; 0,7547051904131745
0,8117188648728128; 0,7415453609763271
0,8644500808704602; 0,7282384943390676
0,9000147037200409; 0,7211807087193061
0,9272165857962061; 0,7144905161005735
0,9372518747243052; 0,7140494044993383
0,9523415674165562; 0,7545949125128657
0,9621563005440373; 0,7569107484193499
0,9677069548595792; 0,7291942361417438
0,9764740479341271; 0,6821055727098956
0,9761248345831494; 0,6656374062637846
0,9908836935744741; 0,5853183355388913
0,9961218938391411; 0,5823408322305542
1,001672548154683; 0,5546243199529481
1,0017644464049402; 0,5326422584913983
0,9820063225996175; 0,5087854727245993
0,9637001911483604; 0,48761211586531383
0,9536649022202616; 0,488053227466549
0,9604469930892515; 0,4657770916041759
0,9654646375533008; 0,46555653580355827
0,9822452580502866; 0,4016321129245699
0,9903506837229817; 0,3628142920158799
0,9911961476253491; 0,31057932656962217
0,9830539626525509; 0,30818997206293197
0,9877223937656224; 0,2915012498162033
0,9760145566828405; 0,29201588001764445
0,976547566534333; 0,2645199235406557
0,9741765916776942; 0,23165710924863991
0,9653359800029405; 0,19633142184972785
0,9484818409057488; 0,177841493897956
0,9236141743861194; 0,1761873253933246
0,9026613733274517; 0,18809733862667244
0,8859726510807232; 0,230039700044111
0,8770033818556094; 0,17548889869136874
0,8643765622702543; 0,14582414350830764
0,8387185707984118; 0,13321570357300372
0,8184274371415966; 0,13685487428319365
0,797915747684164; 0,14325099250110251
0,7726069695632994; 0,14711071901190986
0,7552198206146153; 0,1561167475371268
0,7440817526834288; 0,17034259667695895
0,7377407734156739; 0,18710483752389329
0,7159976474047933; 0,1880605793265695
0,6895860902808408; 0,20570504337597417
0,6700852815762386; 0,22029848551683573
0,6548117923834729; 0,2237171004264078
0,6559145713865606; 0,20993236288781048
0,6484340538156153; 0,19927216585796215
0,6176665196294661; 0,20886634318482566
0,6002793706807822; 0,2178723717100426
0,6019151595353623; 0,1765916776944565
0,5749338332598145; 0,18052492280546972
0,5752462873106895; 0,15578591383620055
0,5728753124540508; 0,12292309954418479
0,5688317894427289; 0,09013380385237468
0,5599911777679751; 0,05480811645346262
0,5396632848110571; 0,017240111748272335
0,5092082046757829; 0,0020952801058666815
0,48077488604616947; 0,003345096309366191
0,4460005881488015; 0,02135715335980004
0,41993824437582694; 0,055469783855315535
0,40536318188501685; 0,09182473165710925
0,3960263196588736; 0,12520217615056617
0,39258932509924993; 0,1473312748125275
0,34342376121158635; 0,1577341567416557
0,3002867225408027; 0,17611380679311872
0,28955300691074837; 0,14361858550213213
0,26812233495074245; 0,11983531833553895
0,24035068372298185; 0,11281429201588011
0,20667916482870163; 0,11704161152771642
0,1852852521687986; 0,13446551977650367
0,16067490074988972; 0,17126157917953222
0,14900382296721065; 0,21298338479635337
0,14600794000882222; 0,22959858844287595
0,13896853403911186; 0,21342449639758843
0,1245772680488163; 0,20581532127628277
0,10886266725481547; 0,21474783120129382
0,0978532568739891; 0,24819879429495662
0,07377591530657251; 0,25749889722099684
0,04490148507572411; 0,2642626084399353
0,010127187178356145; 0,28227466549036917
0,004264078811939409; 0,33473018673724453
0,002848845757976781; 0,373253933245111
0,024591971768857523; 0,3722981914424348
0,03898323775915302; 0,37990736656374047
0,04030657256285841; 0,36336568151742377
0,048669313336274056; 0,3629980885163946
0,04267754741949714; 0,39622849580943975
0,023838406116747535; 0,40255109542714307
0,01141376268195854; 0,47452580502867214
0,0026466696074106677; 0,5216144684605205
0,0007719453021616252; 0,5450485222761353
