0,0001646904; 0,7526716440
0,0161945542; 0,8829600351
0,0214920949; 0,9200245206
0,0362730567; 0,9098823379
0,0429979139; 0,9288674791
0,0485562143; 0,9522123408
0,0532773386; 0,9757447665
0,0735068072; 0,9903381643
0,0836901625; 1,0071823306
0,0908267457; 1,0001189431
0,1213219148; 1,0096801347
0,1486879666; 1,0172101449
0,1526130874; 1,0299919485
0,1835474308; 1,0339902650
0,2077843654; 1,0394890938
0,2211791831; 1,0364880691
0,2517566974; 1,0241728883
0,2695158103; 1,0283907920
0,2782444005; 1,0428286488
0,2868357488; 1,0381715708
0,2946310935; 1,0227638706
0,3398386034; 1,0126354121
0,3986605182; 0,9967244913
0,4496870883; 0,9962212707
0,4942358366; 0,9944371249
0,5452075099; 0,9529625970
0,5945048309; 0,9118631972
0,6091348265; 0,9140499195
0,6231884058; 0,9027045821
0,6370223979; 0,8941406822
0,6597496706; 0,8562618943
0,6702349583; 0,8484482506
0,6755599473; 0,8226650564
0,7070981555; 0,7773477529
0,7491216513; 0,7242168057
0,7583717611; 0,7112154150
0,7692962231; 0,6978388962
0,8235342556; 0,6774904846
0,8863636364; 0,6524849949
0,9372529644; 0,6328868394
0,9525966184; 0,6677005563
0,9555061484; 0,6725131752
0,9622035573; 0,6710126629
0,9707400088; 0,6253842776
0,9779589372; 0,5964445176
0,9825702679; 0,5380343288
0,9906675450; 0,4979688186
1,0016743522; 0,4627159274
